Name,HeadCount
3.jpg,0
9.jpg,6
10.jpg,1
16.jpg,5
18.jpg,1
31.jpg,2
33.jpg,3
36.jpg,3
38.jpg,2
41.jpg,8
45.jpg,1
57.jpg,0
60.jpg,1
61.jpg,0
62.jpg,2
68.jpg,2
79.jpg,2
92.jpg,6
96.jpg,3
105.jpg,6
106.jpg,2
107.jpg,1
114.jpg,12
115.jpg,3
119.jpg,1
121.jpg,3
127.jpg,1
128.jpg,4
132.jpg,4
133.jpg,9
136.jpg,6
137.jpg,1
138.jpg,2
141.jpg,10
157.jpg,4
158.jpg,8
160.jpg,2
170.jpg,2
172.jpg,8
174.jpg,1
180.jpg,10
186.jpg,6
187.jpg,7
194.jpg,5
198.jpg,3
211.jpg,4
219.jpg,5
229.jpg,1
231.jpg,3
234.jpg,4
236.jpg,0
241.jpg,2
242.jpg,6
253.jpg,1
255.jpg,2
256.jpg,0
259.jpg,4
264.jpg,4
273.jpg,1
275.jpg,1
279.jpg,4
284.jpg,2
285.jpg,1
288.jpg,9
293.jpg,1
295.jpg,2
310.jpg,3
311.jpg,3
317.jpg,3
322.jpg,1
327.jpg,3
333.jpg,6
335.jpg,6
347.jpg,8
350.jpg,1
353.jpg,4
355.jpg,0
356.jpg,3
360.jpg,7
372.jpg,2
374.jpg,7
375.jpg,2
376.jpg,3
382.jpg,2
385.jpg,8
389.jpg,3
390.jpg,6
391.jpg,6
400.jpg,2
405.jpg,6
413.jpg,6
418.jpg,8
421.jpg,1
426.jpg,7
432.jpg,6
433.jpg,4
439.jpg,7
441.jpg,7
454.jpg,9
463.jpg,10
464.jpg,8
466.jpg,0
468.jpg,3
472.jpg,7
473.jpg,0
474.jpg,0
476.jpg,1
494.jpg,2
505.jpg,2
507.jpg,8
511.jpg,1
514.jpg,1
519.jpg,2
522.jpg,2
526.jpg,2
533.jpg,12
536.jpg,14
538.jpg,8
543.jpg,11
552.jpg,4
553.jpg,8
557.jpg,9
558.jpg,9
561.jpg,14
567.jpg,2
574.jpg,6
579.jpg,0
580.jpg,2
583.jpg,3
594.jpg,5
599.jpg,4
600.jpg,0
604.jpg,2
605.jpg,8
609.jpg,1
610.jpg,1
614.jpg,5
617.jpg,1
626.jpg,6
629.jpg,2
640.jpg,4
643.jpg,13
645.jpg,11
664.jpg,10
674.jpg,9
679.jpg,12
694.jpg,3
701.jpg,12
711.jpg,4
714.jpg,1
716.jpg,5
722.jpg,15
732.jpg,10
733.jpg,6
736.jpg,7
740.jpg,13
741.jpg,10
745.jpg,4
747.jpg,6
749.jpg,2
757.jpg,4
759.jpg,3
762.jpg,4
766.jpg,4
779.jpg,11
783.jpg,2
785.jpg,1
792.jpg,4
793.jpg,4
794.jpg,4
798.jpg,4
803.jpg,2
807.jpg,5
810.jpg,3
818.jpg,3
822.jpg,1
831.jpg,4
832.jpg,1
833.jpg,0
836.jpg,3
840.jpg,5
841.jpg,3
842.jpg,4
844.jpg,3
847.jpg,2
848.jpg,1
849.jpg,6
850.jpg,3
851.jpg,7
852.jpg,3
859.jpg,3
860.jpg,4
867.jpg,5
868.jpg,4
875.jpg,4
880.jpg,2
881.jpg,3
884.jpg,6
885.jpg,6
886.jpg,9
891.jpg,3
898.jpg,1
903.jpg,2
908.jpg,9
909.jpg,2
910.jpg,6
916.jpg,11
918.jpg,2
922.jpg,3
928.jpg,4
935.jpg,6
936.jpg,12
940.jpg,3
944.jpg,2
945.jpg,4
947.jpg,8
949.jpg,6
951.jpg,9
952.jpg,4
953.jpg,9
956.jpg,10
958.jpg,7
960.jpg,10
964.jpg,5
969.jpg,3
987.jpg,6
992.jpg,1
993.jpg,5
994.jpg,1
998.jpg,6
1002.jpg,8
1004.jpg,8
1019.jpg,1
1025.jpg,3
1026.jpg,1
1027.jpg,2
1029.jpg,0
1031.jpg,4
1034.jpg,2
1036.jpg,2
1043.jpg,0
1046.jpg,6
1048.jpg,3
1057.jpg,3
1059.jpg,2
1070.jpg,6
1073.jpg,1
1078.jpg,6
1093.jpg,1
1094.jpg,4
1096.jpg,1
1099.jpg,9
1101.jpg,1
1103.jpg,2
1108.jpg,9
1109.jpg,9
1114.jpg,4
1117.jpg,13
1118.jpg,4
1122.jpg,6
1128.jpg,0
1129.jpg,2
1133.jpg,1
1148.jpg,10
1149.jpg,17
1155.jpg,4
1163.jpg,3
1165.jpg,5
1166.jpg,16
1183.jpg,9
1184.jpg,1
1186.jpg,5
1188.jpg,0
1196.jpg,5
1199.jpg,1
1203.jpg,3
1207.jpg,4
1217.jpg,1
1223.jpg,2
1225.jpg,3
1230.jpg,0
1231.jpg,0
1234.jpg,0
1237.jpg,3
1238.jpg,2
1239.jpg,1
1245.jpg,2
1246.jpg,2
1248.jpg,0
1251.jpg,4
1252.jpg,1
1255.jpg,4
1262.jpg,5
1264.jpg,5
1276.jpg,4
1281.jpg,2
1284.jpg,5
1288.jpg,1
1291.jpg,1
1293.jpg,3
1294.jpg,2
1298.jpg,2
1301.jpg,1
1302.jpg,2
1305.jpg,0
1307.jpg,2
1309.jpg,2
1311.jpg,0
1313.jpg,0
1315.jpg,2
1324.jpg,4
1328.jpg,3
1329.jpg,2
1337.jpg,10
1340.jpg,13
1341.jpg,5
1342.jpg,3
1359.jpg,4
1364.jpg,1
1380.jpg,0
1384.jpg,3
1391.jpg,4
1401.jpg,4
1404.jpg,8
1406.jpg,3
1407.jpg,9
1409.jpg,8
1416.jpg,1
1423.jpg,4
1424.jpg,2
1428.jpg,7
1432.jpg,2
1435.jpg,2
1437.jpg,0
1440.jpg,3
1441.jpg,3
1444.jpg,7
1446.jpg,7
1447.jpg,6
1450.jpg,0
1460.jpg,1
1466.jpg,4
1467.jpg,5
1475.jpg,3
1476.jpg,0
1477.jpg,0
1478.jpg,9
1479.jpg,2
1481.jpg,5
1483.jpg,3
1489.jpg,0
1490.jpg,3
1498.jpg,5
1501.jpg,4
1503.jpg,3
1509.jpg,9
1513.jpg,5
1517.jpg,4
1519.jpg,5
1520.jpg,4
1522.jpg,2
1526.jpg,2
1528.jpg,5
1533.jpg,4
1534.jpg,2
1535.jpg,1
1538.jpg,2
1541.jpg,6
1542.jpg,3
1543.jpg,3
1544.jpg,3
1550.jpg,3
1553.jpg,0
1555.jpg,4
1560.jpg,4
1563.jpg,4
1566.jpg,6
1572.jpg,3
1576.jpg,1
1580.jpg,5
1595.jpg,2
1597.jpg,1
1612.jpg,5
1613.jpg,4
1615.jpg,2
1619.jpg,7
1620.jpg,3
1621.jpg,2
1625.jpg,1
1631.jpg,8
1634.jpg,13
1639.jpg,5
1643.jpg,3
1645.jpg,1
1647.jpg,9
1649.jpg,4
1652.jpg,10
1656.jpg,7
1667.jpg,7
1668.jpg,3
1672.jpg,4
1674.jpg,4
1681.jpg,0
1685.jpg,5
1698.jpg,1
1700.jpg,2
1705.jpg,4
1711.jpg,0
1712.jpg,2
1717.jpg,11
1718.jpg,13
1720.jpg,15
1728.jpg,2
1731.jpg,2
1732.jpg,3
1737.jpg,4
1739.jpg,0
1740.jpg,5
1746.jpg,1
1748.jpg,0
1752.jpg,5
1755.jpg,2
1758.jpg,2
1762.jpg,1
1769.jpg,4
1772.jpg,2
1773.jpg,6
1777.jpg,1
1784.jpg,3
1789.jpg,6
1793.jpg,3
1798.jpg,0
1804.jpg,12
1812.jpg,9
1817.jpg,6
1820.jpg,11
1824.jpg,9
1831.jpg,4
1846.jpg,12
1847.jpg,13
1849.jpg,11
1852.jpg,11
1856.jpg,9
1857.jpg,11
1859.jpg,11
1867.jpg,12
1877.jpg,6
1883.jpg,15
1896.jpg,6
1899.jpg,13
1905.jpg,6
1909.jpg,6
1910.jpg,4
1911.jpg,8
1917.jpg,8
1924.jpg,13
1928.jpg,15
1931.jpg,7
1932.jpg,13
1936.jpg,5
1938.jpg,5
1940.jpg,4
1943.jpg,5
1946.jpg,2
1948.jpg,4
1951.jpg,4
1953.jpg,2
1960.jpg,0
1966.jpg,3
1973.jpg,6
1981.jpg,2
1986.jpg,2
1990.jpg,3
1997.jpg,11
2001.jpg,5
2002.jpg,9
2004.jpg,5
2009.jpg,5
2012.jpg,2
2024.jpg,1
2025.jpg,5
2026.jpg,2
2028.jpg,9
2030.jpg,3
2031.jpg,11
2033.jpg,2
2047.jpg,3
2062.jpg,9
2065.jpg,6
2069.jpg,6
2075.jpg,1
2076.jpg,3
2079.jpg,6
2085.jpg,0
2091.jpg,4
2094.jpg,4
2098.jpg,4
2101.jpg,0
2112.jpg,3
2116.jpg,2
2120.jpg,6
2121.jpg,1
2129.jpg,1
2135.jpg,1
2142.jpg,2
2146.jpg,2
2148.jpg,2
2156.jpg,7
2161.jpg,3
2166.jpg,1
2177.jpg,7
2178.jpg,0
2181.jpg,1
2184.jpg,4
2185.jpg,3
2193.jpg,0
2196.jpg,2
2198.jpg,3
2204.jpg,2
2213.jpg,8
2214.jpg,1
2216.jpg,4
2226.jpg,3
2227.jpg,3
2231.jpg,7
2233.jpg,2
2237.jpg,3
2241.jpg,4
2242.jpg,7
2243.jpg,5
2251.jpg,6
2256.jpg,3
2258.jpg,2
2259.jpg,3
2264.jpg,2
2265.jpg,3
2269.jpg,3
2275.jpg,6
2278.jpg,4
2280.jpg,3
2281.jpg,4
2285.jpg,4
2288.jpg,5
2292.jpg,6
2294.jpg,3
2299.jpg,6
2301.jpg,2
2304.jpg,6
2305.jpg,10
2307.jpg,4
2309.jpg,1
2311.jpg,0
2319.jpg,6
2325.jpg,2
2331.jpg,2
2332.jpg,4
2333.jpg,12
2342.jpg,6
2344.jpg,12
2345.jpg,4
2347.jpg,1
2352.jpg,5
2353.jpg,5
2363.jpg,12
2368.jpg,1
2370.jpg,2
2372.jpg,9
2373.jpg,3
2374.jpg,8
2376.jpg,9
2378.jpg,11
2386.jpg,12
2387.jpg,6
2388.jpg,6
2398.jpg,7
2405.jpg,3
2406.jpg,3
2410.jpg,5
2417.jpg,3
2418.jpg,1
2419.jpg,2
2424.jpg,2
2448.jpg,1
2453.jpg,14
2458.jpg,9
2460.jpg,13
2466.jpg,7
2471.jpg,10
2472.jpg,6
2473.jpg,7
2476.jpg,5
2478.jpg,15
2480.jpg,8
2482.jpg,11
2490.jpg,9
2492.jpg,14
2493.jpg,6
2495.jpg,9
2496.jpg,2
2508.jpg,12
2511.jpg,5
2512.jpg,12
2513.jpg,10
2514.jpg,9
2520.jpg,11
2522.jpg,9
2524.jpg,11
2525.jpg,10
2527.jpg,6
2528.jpg,9
2532.jpg,6
2536.jpg,1
2555.jpg,6
2556.jpg,1
2559.jpg,4
2568.jpg,2
2572.jpg,4
2573.jpg,5
2577.jpg,11
2588.jpg,2
2605.jpg,4
2607.jpg,0
2608.jpg,3
2611.jpg,4
2612.jpg,5
2615.jpg,3
2621.jpg,4
2624.jpg,3
2627.jpg,5
2634.jpg,6
2645.jpg,6
2652.jpg,4
2657.jpg,4
2658.jpg,6
2662.jpg,0
2666.jpg,2
2668.jpg,3
2669.jpg,2
2673.jpg,2
2677.jpg,2
2680.jpg,2
2685.jpg,2
2687.jpg,4
2689.jpg,2
2691.jpg,4
2696.jpg,1
2697.jpg,3
2705.jpg,3
2718.jpg,2
2726.jpg,8
2736.jpg,1
2738.jpg,7
2744.jpg,4
2747.jpg,3
2750.jpg,2
2751.jpg,7
2752.jpg,2
2753.jpg,8
2754.jpg,11
2755.jpg,2
2757.jpg,4
2763.jpg,11
2765.jpg,10
2766.jpg,1
2769.jpg,1
2770.jpg,5
2774.jpg,1
2776.jpg,4
2778.jpg,5
2781.jpg,7
2785.jpg,5
2787.jpg,9
2795.jpg,9
2798.jpg,2
2801.jpg,6
2802.jpg,5
2804.jpg,7
2811.jpg,5
2812.jpg,1
2815.jpg,6
2818.jpg,10
2823.jpg,5
2839.jpg,3
2840.jpg,2
2841.jpg,3
2845.jpg,3
2849.jpg,0
2850.jpg,0
2853.jpg,0
2858.jpg,2
2861.jpg,0
2863.jpg,2
2873.jpg,3
2891.jpg,8
2892.jpg,14
2897.jpg,11
2902.jpg,13
2906.jpg,12
2917.jpg,9
2923.jpg,8
2925.jpg,6
2932.jpg,7
2933.jpg,4
2946.jpg,2
2947.jpg,3
2952.jpg,8
2955.jpg,1
2958.jpg,2
2959.jpg,10
2960.jpg,5
2970.jpg,2
2971.jpg,4
2972.jpg,3
2974.jpg,3
2977.jpg,7
2986.jpg,3
2988.jpg,8
2991.jpg,3
2992.jpg,3
2993.jpg,4
2998.jpg,2
3000.jpg,1
3003.jpg,7
3005.jpg,4
3014.jpg,2
3018.jpg,4
3020.jpg,5
3024.jpg,0
3025.jpg,6
3028.jpg,2
3036.jpg,1
3042.jpg,2
3043.jpg,1
3044.jpg,2
3045.jpg,4
3046.jpg,7
3048.jpg,11
3050.jpg,6
3055.jpg,4
3057.jpg,2
3059.jpg,7
3069.jpg,4
3071.jpg,5
3072.jpg,5
3075.jpg,0
3086.jpg,2
3088.jpg,3
3089.jpg,2
3093.jpg,3
3094.jpg,4
3097.jpg,6
3099.jpg,10
3116.jpg,4
3117.jpg,16
3120.jpg,18
3124.jpg,6
3133.jpg,11
3135.jpg,3
3136.jpg,0
3141.jpg,2
3149.jpg,1
3151.jpg,3
3153.jpg,1
3155.jpg,3
3157.jpg,3
3161.jpg,11
3162.jpg,4
3177.jpg,0
3185.jpg,5
3186.jpg,3
3195.jpg,8
3206.jpg,0
3215.jpg,4
3221.jpg,4
3225.jpg,1
3226.jpg,5
3229.jpg,5
3252.jpg,3
3253.jpg,6
3256.jpg,6
3257.jpg,7
3264.jpg,5
3272.jpg,9
3278.jpg,8
3280.jpg,13
3281.jpg,4
3282.jpg,10
3286.jpg,12
3292.jpg,9
3293.jpg,13
3299.jpg,4
3302.jpg,10
3303.jpg,9
3305.jpg,3
3311.jpg,12
3313.jpg,7
3316.jpg,14
3318.jpg,11
3320.jpg,2
3321.jpg,5
3322.jpg,15
3323.jpg,7
3328.jpg,13
3330.jpg,7
3332.jpg,19
3333.jpg,11
3334.jpg,5
3336.jpg,12
3340.jpg,5
3341.jpg,5
3352.jpg,2
3355.jpg,5
3359.jpg,7
3361.jpg,3
3362.jpg,1
3366.jpg,2
3367.jpg,2
3368.jpg,3
3375.jpg,3
3377.jpg,8
3378.jpg,1
3381.jpg,4
3391.jpg,2
3393.jpg,4
3401.jpg,6
3402.jpg,7
3404.jpg,2
3415.jpg,5
3426.jpg,6
3427.jpg,7
3430.jpg,6
3432.jpg,1
3433.jpg,8
3436.jpg,6
3437.jpg,2
3438.jpg,2
3443.jpg,2
3457.jpg,5
3458.jpg,10
3459.jpg,3
3465.jpg,5
3474.jpg,4
3489.jpg,3
3490.jpg,4
3493.jpg,3
3494.jpg,1
3495.jpg,4
3496.jpg,2
3500.jpg,3
3501.jpg,0
3502.jpg,3
3503.jpg,5
3504.jpg,4
3505.jpg,3
3508.jpg,8
3513.jpg,5
3522.jpg,4
3527.jpg,1
3530.jpg,4
3533.jpg,7
3537.jpg,5
3542.jpg,2
3543.jpg,1
3544.jpg,8
3545.jpg,3
3551.jpg,2
3567.jpg,12
3569.jpg,2
3575.jpg,5
3577.jpg,18
3584.jpg,2
3586.jpg,13
3590.jpg,3
3592.jpg,5
3594.jpg,9
3595.jpg,4
3596.jpg,4
3597.jpg,2
3602.jpg,8
3607.jpg,0
3613.jpg,1
3617.jpg,1
3623.jpg,5
3624.jpg,5
3626.jpg,1
3628.jpg,0
3631.jpg,5
3636.jpg,3
3638.jpg,3
3648.jpg,4
3653.jpg,4
3656.jpg,2
3657.jpg,4
3658.jpg,1
3663.jpg,3
3665.jpg,2
3670.jpg,4
3673.jpg,2
3676.jpg,6
3678.jpg,2
3680.jpg,3
3682.jpg,0
3692.jpg,3
3698.jpg,6
3699.jpg,0
3704.jpg,3
3706.jpg,1
3707.jpg,4
3713.jpg,0
3716.jpg,4
3717.jpg,4
3721.jpg,2
3722.jpg,2
3723.jpg,7
3730.jpg,1
3741.jpg,3
3751.jpg,2
3752.jpg,3
3755.jpg,3
3756.jpg,1
3763.jpg,4
3765.jpg,2
3768.jpg,0
3769.jpg,4
3772.jpg,1
3775.jpg,1
3786.jpg,4
3794.jpg,1
3804.jpg,4
3811.jpg,2
3817.jpg,0
3828.jpg,6
3829.jpg,3
3830.jpg,5
3831.jpg,3
3836.jpg,1
3844.jpg,7
3851.jpg,3
3852.jpg,11
3856.jpg,6
3857.jpg,11
3866.jpg,4
3868.jpg,3
3881.jpg,5
3885.jpg,1
3891.jpg,0
3897.jpg,4
3901.jpg,0
3902.jpg,4
3904.jpg,2
3908.jpg,3
3909.jpg,6
3912.jpg,4
3914.jpg,1
3918.jpg,1
3925.jpg,0
3927.jpg,3
3929.jpg,3
3930.jpg,3
3935.jpg,4
3942.jpg,5
3943.jpg,3
3947.jpg,3
3950.jpg,2
3951.jpg,2
3954.jpg,3
3956.jpg,4
3958.jpg,3
3963.jpg,3
3966.jpg,0
3968.jpg,7
3970.jpg,9
3978.jpg,1
3982.jpg,3
3992.jpg,2
3995.jpg,5
3999.jpg,0
4012.jpg,5
4015.jpg,8
4016.jpg,4
4018.jpg,8
4019.jpg,6
4023.jpg,6
4026.jpg,11
4034.jpg,8
4036.jpg,3
4045.jpg,2
4046.jpg,3
4048.jpg,8
4049.jpg,1
4052.jpg,4
4053.jpg,1
4057.jpg,1
4062.jpg,3
4063.jpg,1
4076.jpg,6
4077.jpg,2
4082.jpg,4
4084.jpg,1
4093.jpg,4
4104.jpg,4
4106.jpg,4
4113.jpg,6
4116.jpg,1
4118.jpg,3
4122.jpg,2
4125.jpg,3
4128.jpg,3
4129.jpg,2
4140.jpg,3
4146.jpg,5
4149.jpg,2
4151.jpg,2
4154.jpg,1
4161.jpg,6
4162.jpg,2
4165.jpg,2
4169.jpg,3
4171.jpg,5
4174.jpg,2
4177.jpg,7
4178.jpg,0
4179.jpg,3
4181.jpg,2
4182.jpg,5
4183.jpg,1
4185.jpg,3
4189.jpg,0
4190.jpg,4
4199.jpg,3
4200.jpg,4
4202.jpg,4
4204.jpg,1
4205.jpg,3
4208.jpg,4
4214.jpg,5
4215.jpg,3
4216.jpg,0
4218.jpg,4
4225.jpg,9
4228.jpg,4
4229.jpg,5
4230.jpg,3
4232.jpg,1
4234.jpg,7
4235.jpg,5
4236.jpg,5
4242.jpg,2
4253.jpg,5
4257.jpg,10
4259.jpg,6
4260.jpg,4
4261.jpg,7
4266.jpg,9
4267.jpg,2
4269.jpg,12
4272.jpg,1
4273.jpg,3
4274.jpg,2
4279.jpg,9
4290.jpg,6
4293.jpg,9
4304.jpg,3
4305.jpg,3
4312.jpg,7
4317.jpg,4
4319.jpg,4
4331.jpg,7
4334.jpg,8
4337.jpg,8
4339.jpg,2
4348.jpg,0
4352.jpg,5
4354.jpg,0
4355.jpg,3
4366.jpg,5
4369.jpg,2
4370.jpg,6
4371.jpg,6
4384.jpg,5
4385.jpg,3
4386.jpg,11
4387.jpg,5
4389.jpg,7
4390.jpg,3
4397.jpg,5
4398.jpg,12
4400.jpg,12
4405.jpg,6
4407.jpg,10
4413.jpg,6
4417.jpg,7
4427.jpg,2
4438.jpg,8
4447.jpg,3
4451.jpg,1
4455.jpg,9
4463.jpg,3
4464.jpg,1
4465.jpg,1
4468.jpg,4
4472.jpg,5
4474.jpg,0
4475.jpg,0
4476.jpg,7
4477.jpg,5
4488.jpg,6
4489.jpg,1
4495.jpg,6
4497.jpg,3
4500.jpg,3
4503.jpg,6
4504.jpg,2
4506.jpg,3
4512.jpg,1
4518.jpg,2
4519.jpg,7
4520.jpg,6
4523.jpg,0
4526.jpg,2
4530.jpg,1
4531.jpg,10
4533.jpg,2
4534.jpg,2
4535.jpg,0
4539.jpg,1
4545.jpg,4
4547.jpg,0
4549.jpg,8
4550.jpg,9
4554.jpg,9
4557.jpg,6
4560.jpg,12
4565.jpg,6
4567.jpg,4
4571.jpg,3
4572.jpg,13
4575.jpg,13
4582.jpg,14
4583.jpg,9
4592.jpg,4
4594.jpg,6
4597.jpg,12
4604.jpg,8
4605.jpg,9
4615.jpg,10
4621.jpg,12
4628.jpg,5
4638.jpg,6
4639.jpg,5
4641.jpg,3
4648.jpg,9
4649.jpg,10
4650.jpg,6
4654.jpg,6
4655.jpg,10
4669.jpg,2
4670.jpg,1
4671.jpg,4
4672.jpg,2
4673.jpg,4
4678.jpg,6
4680.jpg,5
4685.jpg,0
4694.jpg,3
4695.jpg,6
4696.jpg,3
4700.jpg,11
4704.jpg,1
4706.jpg,2
4716.jpg,0
4717.jpg,2
4726.jpg,4
4731.jpg,3
4732.jpg,5
4738.jpg,3
4742.jpg,4
4744.jpg,8
4747.jpg,5
4750.jpg,3
4751.jpg,3
4754.jpg,3
4761.jpg,4
4765.jpg,4
4766.jpg,1
4774.jpg,4
4778.jpg,2
4786.jpg,2
4789.jpg,5
4794.jpg,5
4797.jpg,7
4799.jpg,3
4802.jpg,4
4805.jpg,3
4807.jpg,4
4809.jpg,4
4815.jpg,10
4819.jpg,6
4827.jpg,19
4833.jpg,4
4837.jpg,5
4839.jpg,3
4842.jpg,5
4843.jpg,2
4848.jpg,7
4853.jpg,4
4862.jpg,9
4865.jpg,10
4867.jpg,12
4873.jpg,10
4884.jpg,1
4890.jpg,6
4892.jpg,6
4899.jpg,3
4902.jpg,3
4908.jpg,3
4911.jpg,10
4914.jpg,8
4915.jpg,1
4916.jpg,0
4924.jpg,0
4930.jpg,3
4931.jpg,6
4933.jpg,2
4935.jpg,6
4939.jpg,6
4945.jpg,11
4951.jpg,8
4952.jpg,5
4954.jpg,9
4961.jpg,5
4965.jpg,5
4969.jpg,1
4972.jpg,7
4984.jpg,8
4988.jpg,7
4990.jpg,4
4991.jpg,2
4997.jpg,2
5001.jpg,5
5002.jpg,5
5003.jpg,10
5006.jpg,1
5008.jpg,0
5011.jpg,5
5014.jpg,2
5018.jpg,7
5021.jpg,7
5034.jpg,3
5036.jpg,5
5039.jpg,1
5049.jpg,5
5050.jpg,3
5051.jpg,6
5052.jpg,5
5053.jpg,1
5057.jpg,4
5058.jpg,2
5061.jpg,3
5062.jpg,3
5066.jpg,0
5068.jpg,2
5077.jpg,4
5080.jpg,5
5086.jpg,2
5092.jpg,1
5093.jpg,3
5100.jpg,5
5106.jpg,1
5111.jpg,0
5113.jpg,2
5114.jpg,3
5118.jpg,3
5119.jpg,2
5120.jpg,5
5125.jpg,5
5136.jpg,9
5138.jpg,6
5144.jpg,7
5148.jpg,6
5150.jpg,3
5152.jpg,4
5158.jpg,3
5163.jpg,6
5169.jpg,0
5171.jpg,6
5172.jpg,1
5180.jpg,4
5182.jpg,1
5185.jpg,3
5188.jpg,12
5195.jpg,5
5197.jpg,7
5206.jpg,10
5209.jpg,9
5210.jpg,6
5216.jpg,6
5217.jpg,8
5219.jpg,4
5234.jpg,1
5238.jpg,0
5239.jpg,2
5242.jpg,0
5245.jpg,11
5252.jpg,8
5265.jpg,9
5268.jpg,4
5272.jpg,7
5274.jpg,10
5277.jpg,10
5279.jpg,9
5282.jpg,10
5285.jpg,10
5286.jpg,3
5288.jpg,9
5291.jpg,11
5294.jpg,6
5295.jpg,11
5299.jpg,5
5301.jpg,12
5307.jpg,10
5310.jpg,11
5320.jpg,7
5321.jpg,11
5332.jpg,13
5333.jpg,8
5335.jpg,7
5346.jpg,6
5347.jpg,15
5348.jpg,7
5351.jpg,12
5355.jpg,11
5357.jpg,3
5358.jpg,9
5368.jpg,2
5375.jpg,11
5376.jpg,6
5377.jpg,2
5380.jpg,6
5381.jpg,2
5385.jpg,5
5386.jpg,4
5387.jpg,1
5392.jpg,2
5397.jpg,3
5401.jpg,9
5403.jpg,5
5405.jpg,2
5408.jpg,0
5411.jpg,2
5414.jpg,4
5415.jpg,0
5424.jpg,2
5425.jpg,8
5428.jpg,5
5430.jpg,1
5431.jpg,0
5437.jpg,3
5444.jpg,2
5450.jpg,0
5454.jpg,1
5456.jpg,11
5459.jpg,0
5463.jpg,3
5465.jpg,5
5467.jpg,0
5473.jpg,6
5478.jpg,3
5479.jpg,3
5481.jpg,5
5482.jpg,6
5484.jpg,2
5486.jpg,4
5496.jpg,1
5500.jpg,3
5503.jpg,6
5509.jpg,2
5516.jpg,2
5520.jpg,5
5523.jpg,4
5525.jpg,8
5533.jpg,6
5534.jpg,5
5536.jpg,4
5539.jpg,2
5552.jpg,3
5560.jpg,5
5563.jpg,6
5564.jpg,6
5567.jpg,6
5569.jpg,3
5572.jpg,1
5574.jpg,1
5577.jpg,8
5585.jpg,1
5587.jpg,6
5591.jpg,6
5595.jpg,3
5596.jpg,0
5598.jpg,8
5605.jpg,6
5607.jpg,9
5610.jpg,6
5611.jpg,2
5614.jpg,5
5621.jpg,4
5627.jpg,4
5628.jpg,3
5632.jpg,1
5633.jpg,1
5639.jpg,1
5640.jpg,1
5646.jpg,4
5650.jpg,3
5651.jpg,1
5653.jpg,2
5661.jpg,3
5677.jpg,4
5679.jpg,1
5684.jpg,2
5688.jpg,0
5692.jpg,1
5694.jpg,1
5696.jpg,0
5698.jpg,5
5700.jpg,3
5707.jpg,2
5708.jpg,3
5711.jpg,7
5716.jpg,2
5720.jpg,6
5729.jpg,2
5733.jpg,2
5741.jpg,4
5744.jpg,3
5750.jpg,9
5764.jpg,10
5766.jpg,2
5768.jpg,13
5773.jpg,6
5783.jpg,2
5785.jpg,2
5788.jpg,8
5789.jpg,9
5793.jpg,10
5796.jpg,12
5801.jpg,3
5802.jpg,12
5804.jpg,1
5807.jpg,11
5808.jpg,10
5811.jpg,4
5820.jpg,8
5826.jpg,11
5832.jpg,4
5841.jpg,4
5849.jpg,6
5850.jpg,2
5851.jpg,7
5854.jpg,2
5856.jpg,3
5859.jpg,0
5862.jpg,8
5867.jpg,9
5870.jpg,8
5895.jpg,9
5900.jpg,15
5905.jpg,12
5907.jpg,4
5908.jpg,14
5910.jpg,13
5917.jpg,11
5919.jpg,4
5920.jpg,10
5923.jpg,3
5924.jpg,9
5927.jpg,13
5933.jpg,5
5935.jpg,13
5944.jpg,4
5945.jpg,10
5946.jpg,12
5950.jpg,4
5951.jpg,3
5952.jpg,4
5960.jpg,7
5962.jpg,1
5963.jpg,1
5968.jpg,3
5969.jpg,6
5970.jpg,5
5974.jpg,4
5975.jpg,3
5976.jpg,1
5984.jpg,6
5987.jpg,5
5988.jpg,4
5989.jpg,0
5990.jpg,4
5996.jpg,7
6005.jpg,3
6009.jpg,4
6015.jpg,3
6022.jpg,4
6023.jpg,4
6024.jpg,3
6025.jpg,5
6029.jpg,5
6030.jpg,5
6033.jpg,4
6036.jpg,5
6037.jpg,6
6044.jpg,2
6047.jpg,3
6048.jpg,4
6050.jpg,4
6052.jpg,5
6053.jpg,4
6056.jpg,2
6057.jpg,2
6058.jpg,2
6064.jpg,4
6065.jpg,2
6068.jpg,3
6071.jpg,9
6077.jpg,4
6079.jpg,4
6085.jpg,2
6091.jpg,4
6094.jpg,2
6096.jpg,2
6099.jpg,2
6101.jpg,6
6105.jpg,8
6108.jpg,3
6109.jpg,6
6111.jpg,3
6112.jpg,4
6127.jpg,4
6128.jpg,5
6129.jpg,2
6132.jpg,3
6135.jpg,2
6137.jpg,4
6139.jpg,5
6140.jpg,5
6146.jpg,2
6151.jpg,2
6152.jpg,2
6156.jpg,4
6157.jpg,3
6163.jpg,3
6164.jpg,4
6165.jpg,5
6166.jpg,8
6167.jpg,3
6172.jpg,3
6178.jpg,2
6181.jpg,2
6182.jpg,2
6188.jpg,2
6190.jpg,2
6191.jpg,6
6195.jpg,2
6196.jpg,3
6197.jpg,3
6201.jpg,2
6202.jpg,2
6210.jpg,5
6212.jpg,5
6214.jpg,5
6215.jpg,7
6220.jpg,4
6224.jpg,4
6225.jpg,3
6227.jpg,3
6233.jpg,20
6235.jpg,3
6238.jpg,2
6241.jpg,2
6243.jpg,2
6251.jpg,2
6253.jpg,2
6256.jpg,4
6261.jpg,2
6263.jpg,2
6265.jpg,6
6266.jpg,6
6272.jpg,3
6274.jpg,3
6275.jpg,3
6278.jpg,2
6281.jpg,1
6283.jpg,2
6291.jpg,4
6292.jpg,6
6293.jpg,5
6295.jpg,18
6296.jpg,6
6297.jpg,5
6298.jpg,7
6305.jpg,4
6309.jpg,2
6310.jpg,5
6314.jpg,3
6316.jpg,9
6318.jpg,2
6324.jpg,3
6328.jpg,4
6330.jpg,6
6331.jpg,5
6332.jpg,5
6339.jpg,3
6340.jpg,5
6344.jpg,4
6346.jpg,1
6347.jpg,6
6352.jpg,3
6356.jpg,5
6358.jpg,4
6363.jpg,8
6366.jpg,5
6367.jpg,3
6372.jpg,7
6375.jpg,3
6378.jpg,3
6379.jpg,4
6381.jpg,2
6386.jpg,2
6389.jpg,4
6390.jpg,3
6391.jpg,3
6392.jpg,5
6393.jpg,5
6402.jpg,4
6404.jpg,3
6409.jpg,4
6410.jpg,6
6412.jpg,4
6414.jpg,4
6416.jpg,3
6422.jpg,4
6428.jpg,4
6432.jpg,4
6434.jpg,5
6438.jpg,3
6440.jpg,1
6444.jpg,1
6450.jpg,3
6454.jpg,3
6459.jpg,4
6460.jpg,4
6466.jpg,4
6468.jpg,6
6479.jpg,5
6483.jpg,3
6488.jpg,4
6494.jpg,4
6495.jpg,5
6498.jpg,4
6500.jpg,3
6501.jpg,9
6508.jpg,3
6513.jpg,2
6515.jpg,2
6522.jpg,2
6523.jpg,2
6526.jpg,2
6527.jpg,2
6529.jpg,2
6534.jpg,2
6535.jpg,2
6537.jpg,3
6543.jpg,2
6544.jpg,2
6545.jpg,2
6549.jpg,4
6551.jpg,2
6554.jpg,1
6560.jpg,8
6563.jpg,4
6567.jpg,2
6578.jpg,6
6582.jpg,5
6589.jpg,4
6590.jpg,19
6591.jpg,5
6603.jpg,4
6607.jpg,3
6608.jpg,4
6612.jpg,4
6616.jpg,6
6619.jpg,3
6620.jpg,3
6621.jpg,6
6625.jpg,3
6628.jpg,3
6632.jpg,4
6634.jpg,4
6639.jpg,3
6645.jpg,6
6646.jpg,7
6650.jpg,5
6654.jpg,4
6656.jpg,5
6660.jpg,4
6661.jpg,4
6662.jpg,4
6663.jpg,5
6665.jpg,5
6676.jpg,5
6678.jpg,3
6689.jpg,3
6692.jpg,2
6696.jpg,4
6697.jpg,4
6703.jpg,2
6711.jpg,3
6714.jpg,4
6721.jpg,4
6723.jpg,4
6728.jpg,4
6730.jpg,4
6731.jpg,4
6736.jpg,5
6742.jpg,4
6744.jpg,7
6748.jpg,4
6749.jpg,5
6750.jpg,8
6751.jpg,4
6752.jpg,4
6757.jpg,3
6760.jpg,7
6761.jpg,5
6763.jpg,10
6764.jpg,3
6765.jpg,3
6766.jpg,3
6768.jpg,3
6777.jpg,4
6781.jpg,6
6782.jpg,3
6787.jpg,3
6788.jpg,3
6789.jpg,3
6793.jpg,3
6795.jpg,9
6800.jpg,1
6805.jpg,4
6811.jpg,4
6813.jpg,6
6816.jpg,4
6818.jpg,3
6819.jpg,3
6820.jpg,4
6822.jpg,0
6825.jpg,4
6828.jpg,3
6830.jpg,5
6831.jpg,3
6833.jpg,5
6834.jpg,4
6837.jpg,5
6843.jpg,4
6844.jpg,4
6845.jpg,5
6851.jpg,3
6858.jpg,4
6860.jpg,2
6864.jpg,4
6869.jpg,5
6873.jpg,5
6875.jpg,7
6882.jpg,3
6884.jpg,2
6885.jpg,6
6888.jpg,3
6889.jpg,6
6890.jpg,5
6891.jpg,4
6892.jpg,4
6896.jpg,5
6899.jpg,2
6901.jpg,6
6902.jpg,3
6903.jpg,2
6911.jpg,3
6912.jpg,2
6913.jpg,3
6915.jpg,3
6919.jpg,3
6920.jpg,3
6921.jpg,5
6922.jpg,2
6925.jpg,2
6926.jpg,2
6928.jpg,3
6933.jpg,3
6935.jpg,3
6938.jpg,3
6939.jpg,3
6949.jpg,3
6951.jpg,3
6953.jpg,1
6956.jpg,3
6958.jpg,2
6959.jpg,3
6964.jpg,3
6966.jpg,5
6970.jpg,5
6972.jpg,2
6983.jpg,4
6985.jpg,5
6990.jpg,5
6994.jpg,8
6995.jpg,7
6996.jpg,7
7011.jpg,5
7016.jpg,3
7018.jpg,4
7019.jpg,4
7021.jpg,4
7023.jpg,4
7024.jpg,3
7025.jpg,4
7026.jpg,14
7027.jpg,13
7028.jpg,3
7033.jpg,6
7039.jpg,5
7041.jpg,1
7049.jpg,4
7050.jpg,4
7053.jpg,5
7056.jpg,4
7058.jpg,4
7067.jpg,20
7068.jpg,4
7072.jpg,5
7080.jpg,4
7081.jpg,4
7082.jpg,6
7089.jpg,4
7094.jpg,5
7096.jpg,6
7102.jpg,4
7103.jpg,5
7106.jpg,5
7107.jpg,5
7109.jpg,4
7115.jpg,5
7116.jpg,5
7117.jpg,4
7118.jpg,5
7122.jpg,5
7124.jpg,5
7126.jpg,5
7128.jpg,6
7131.jpg,7
7134.jpg,6
7138.jpg,4
7140.jpg,6
7141.jpg,3
7150.jpg,4
7152.jpg,4
7153.jpg,5
7158.jpg,4
7164.jpg,12
7167.jpg,8
7168.jpg,5
7181.jpg,3
7185.jpg,3
7188.jpg,2
7190.jpg,4
7192.jpg,2
7193.jpg,2
7198.jpg,7
7201.jpg,3
7207.jpg,4
7208.jpg,0
7209.jpg,3
7216.jpg,4
7217.jpg,3
7219.jpg,4
7220.jpg,3
7222.jpg,2
7224.jpg,2
7227.jpg,2
7228.jpg,7
7229.jpg,5
7230.jpg,3
7232.jpg,4
7239.jpg,2
7240.jpg,3
7248.jpg,3
7249.jpg,3
7250.jpg,3
7251.jpg,3
7253.jpg,2
7255.jpg,3
7256.jpg,3
7259.jpg,5
7261.jpg,2
7267.jpg,3
7268.jpg,5
7270.jpg,5
7271.jpg,2
7281.jpg,2
7285.jpg,5
7286.jpg,5
7290.jpg,2
7291.jpg,4
7294.jpg,2
7295.jpg,5
7303.jpg,2
7305.jpg,4
7314.jpg,1
7325.jpg,3
7328.jpg,2
7339.jpg,3
7345.jpg,5
7353.jpg,1
7354.jpg,3
7358.jpg,3
7364.jpg,4
7373.jpg,3
7374.jpg,3
7377.jpg,2
7378.jpg,3
7381.jpg,5
7383.jpg,6
7384.jpg,9
7385.jpg,2
7386.jpg,15
7390.jpg,3
7394.jpg,0
7398.jpg,5
7401.jpg,4
7409.jpg,4
7410.jpg,6
7411.jpg,2
7414.jpg,4
7420.jpg,2
7421.jpg,3
7424.jpg,5
7438.jpg,7
7441.jpg,5
7447.jpg,3
7450.jpg,5
7451.jpg,5
7455.jpg,3
7456.jpg,4
7461.jpg,2
7462.jpg,3
7463.jpg,3
7464.jpg,2
7470.jpg,3
7473.jpg,6
7474.jpg,9
7478.jpg,3
7481.jpg,6
7490.jpg,4
7495.jpg,0
7497.jpg,2
7498.jpg,3
7501.jpg,2
7506.jpg,3
7510.jpg,5
7516.jpg,2
7524.jpg,3
7527.jpg,4
7529.jpg,2
7536.jpg,1
7537.jpg,2
7539.jpg,2
7541.jpg,2
7543.jpg,2
7545.jpg,2
7548.jpg,2
7550.jpg,2
7560.jpg,5
7563.jpg,2
7566.jpg,2
7568.jpg,3
7571.jpg,10
7573.jpg,2
7577.jpg,4
7580.jpg,4
7585.jpg,9
7589.jpg,6
7590.jpg,3
7593.jpg,4
7597.jpg,5
7599.jpg,3
7601.jpg,6
7609.jpg,6
7611.jpg,2
7626.jpg,4
7627.jpg,7
7629.jpg,2
7634.jpg,1
7642.jpg,3
7648.jpg,5
7650.jpg,2
7657.jpg,1
7658.jpg,3
7659.jpg,4
7660.jpg,4
7666.jpg,5
7669.jpg,4
7670.jpg,1
7680.jpg,5
7683.jpg,4
7694.jpg,4
7695.jpg,2
7698.jpg,5
7701.jpg,2
7705.jpg,2
7706.jpg,4
7711.jpg,6
7715.jpg,4
7719.jpg,11
7720.jpg,2
7730.jpg,5
7731.jpg,4
7735.jpg,4
7737.jpg,14
7742.jpg,8
7743.jpg,3
7744.jpg,4
7747.jpg,4
7752.jpg,2
7753.jpg,3
7757.jpg,7
7762.jpg,2
7767.jpg,3
7770.jpg,7
7771.jpg,3
7773.jpg,4
7778.jpg,3
7785.jpg,2
7790.jpg,4
7791.jpg,7
7792.jpg,6
7794.jpg,2
7797.jpg,3
7801.jpg,3
7819.jpg,21
7823.jpg,4
7826.jpg,2
7828.jpg,2
7829.jpg,4
7831.jpg,7
7834.jpg,4
7836.jpg,6
7837.jpg,4
7838.jpg,2
7839.jpg,8
7842.jpg,0
7843.jpg,5
7846.jpg,5
7847.jpg,5
7848.jpg,5
7849.jpg,2
7850.jpg,8
7852.jpg,3
7853.jpg,5
7857.jpg,3
7859.jpg,5
7869.jpg,1
7874.jpg,3
7876.jpg,4
7880.jpg,5
7881.jpg,6
7882.jpg,2
7886.jpg,5
7888.jpg,6
7890.jpg,6
7892.jpg,5
7893.jpg,2
7898.jpg,2
7899.jpg,5
7901.jpg,3
7902.jpg,3
7903.jpg,3
7910.jpg,5
7916.jpg,3
7917.jpg,6
7918.jpg,8
7920.jpg,5
7924.jpg,2
7926.jpg,3
7928.jpg,2
7931.jpg,12
7934.jpg,4
7936.jpg,4
7941.jpg,5
7942.jpg,3
7959.jpg,6
7966.jpg,2
7968.jpg,6
7969.jpg,3
7971.jpg,4
7974.jpg,2
7980.jpg,2
7984.jpg,2
7986.jpg,4
7987.jpg,2
7988.jpg,3
7989.jpg,6
7993.jpg,2
8000.jpg,3
8004.jpg,4
8005.jpg,4
8010.jpg,3
8013.jpg,3
8014.jpg,3
8016.jpg,2
8017.jpg,2
8020.jpg,4
8023.jpg,3
8024.jpg,3
8025.jpg,4
8026.jpg,4
8031.jpg,7
8032.jpg,7
8033.jpg,9
8034.jpg,11
8036.jpg,8
8038.jpg,8
8039.jpg,3
8043.jpg,4
8046.jpg,7
8049.jpg,4
8052.jpg,3
8054.jpg,3
8062.jpg,4
8063.jpg,7
8067.jpg,4
8068.jpg,3
8071.jpg,3
8083.jpg,2
8094.jpg,6
8098.jpg,4
8102.jpg,8
8104.jpg,6
8105.jpg,2
8106.jpg,5
8110.jpg,2
8111.jpg,2
8115.jpg,5
8117.jpg,3
8119.jpg,4
8120.jpg,4
8122.jpg,3
8124.jpg,4
8125.jpg,9
8127.jpg,3
8129.jpg,3
8136.jpg,3
8137.jpg,4
8138.jpg,4
8142.jpg,3
8145.jpg,3
8148.jpg,3
8158.jpg,3
8161.jpg,2
8162.jpg,2
8164.jpg,6
8166.jpg,6
8176.jpg,5
8177.jpg,7
8179.jpg,3
8180.jpg,2
8183.jpg,2
8186.jpg,3
8188.jpg,4
8189.jpg,3
8190.jpg,2
8192.jpg,3
8193.jpg,2
8194.jpg,4
8196.jpg,6
8209.jpg,6
8210.jpg,4
8214.jpg,3
8217.jpg,5
8218.jpg,6
8224.jpg,5
8230.jpg,6
8234.jpg,4
8235.jpg,4
8236.jpg,2
8238.jpg,4
8240.jpg,2
8241.jpg,3
8245.jpg,3
8251.jpg,3
8255.jpg,4
8259.jpg,5
8260.jpg,5
8264.jpg,3
8266.jpg,3
8268.jpg,3
8270.jpg,3
8273.jpg,2
8278.jpg,3
8284.jpg,3
8286.jpg,3
8292.jpg,3
8294.jpg,3
8296.jpg,2
8302.jpg,3
8305.jpg,3
8312.jpg,3
8316.jpg,4
8318.jpg,2
8322.jpg,5
8323.jpg,3
8327.jpg,3
8328.jpg,4
8330.jpg,4
8331.jpg,4
8333.jpg,4
8334.jpg,4
8339.jpg,2
8343.jpg,2
8355.jpg,2
8357.jpg,2
8361.jpg,2
8363.jpg,4
8365.jpg,2
8369.jpg,2
8376.jpg,2
8377.jpg,2
8384.jpg,2
8388.jpg,2
8389.jpg,2
8393.jpg,1
8395.jpg,2
8400.jpg,2
8404.jpg,0
8406.jpg,20
8411.jpg,2
8415.jpg,2
8428.jpg,9
8430.jpg,6
8434.jpg,1
8440.jpg,6
8442.jpg,5
8443.jpg,6
8445.jpg,2
8446.jpg,4
8455.jpg,1
8456.jpg,3
8462.jpg,5
8465.jpg,2
8466.jpg,5
8469.jpg,3
8472.jpg,3
8475.jpg,4
8482.jpg,3
8488.jpg,4
8489.jpg,2
8495.jpg,2
8503.jpg,4
8509.jpg,7
8510.jpg,3
8514.jpg,2
8516.jpg,5
8526.jpg,13
8527.jpg,2
8535.jpg,2
8539.jpg,2
8540.jpg,7
8541.jpg,7
8547.jpg,4
8548.jpg,5
8550.jpg,4
8553.jpg,2
8555.jpg,4
8556.jpg,4
8559.jpg,3
8565.jpg,4
8575.jpg,3
8576.jpg,4
8578.jpg,2
8581.jpg,1
8582.jpg,9
8583.jpg,3
8586.jpg,1
8589.jpg,5
8590.jpg,3
8592.jpg,6
8609.jpg,3
8613.jpg,2
8617.jpg,4
8624.jpg,2
8626.jpg,5
8627.jpg,4
8631.jpg,2
8632.jpg,2
8634.jpg,2
8636.jpg,4
8637.jpg,9
8638.jpg,6
8639.jpg,5
8644.jpg,14
8646.jpg,6
8650.jpg,5
8652.jpg,4
8655.jpg,8
8658.jpg,7
8663.jpg,3
8666.jpg,17
8667.jpg,3
8668.jpg,4
8672.jpg,4
8673.jpg,2
8678.jpg,7
8679.jpg,7
8681.jpg,9
8684.jpg,8
8689.jpg,2
8700.jpg,2
8703.jpg,2
8710.jpg,6
8713.jpg,6
8718.jpg,6
8729.jpg,3
8736.jpg,3
8737.jpg,3
8738.jpg,4
8739.jpg,3
8743.jpg,3
8751.jpg,3
8752.jpg,8
8754.jpg,2
8756.jpg,4
8758.jpg,4
8761.jpg,4
8762.jpg,2
8765.jpg,5
8770.jpg,2
8771.jpg,2
8772.jpg,4
8773.jpg,3
8781.jpg,9
8784.jpg,5
8787.jpg,2
8788.jpg,3
8797.jpg,2
8798.jpg,2
8800.jpg,1
8806.jpg,2
8807.jpg,2
8811.jpg,6
8812.jpg,3
8818.jpg,5
8821.jpg,4
8822.jpg,5
8827.jpg,2
8831.jpg,4
8833.jpg,4
8834.jpg,6
8835.jpg,8
8839.jpg,4
8840.jpg,3
8841.jpg,7
8842.jpg,5
8844.jpg,4
8848.jpg,6
8852.jpg,3
8858.jpg,2
8859.jpg,2
8869.jpg,2
8877.jpg,5
8878.jpg,5
8880.jpg,3
8886.jpg,4
8888.jpg,4
8889.jpg,4
8891.jpg,3
8896.jpg,4
8901.jpg,4
8905.jpg,3
8906.jpg,4
8908.jpg,4
8912.jpg,3
8913.jpg,2
8915.jpg,2
8917.jpg,3
8919.jpg,6
8920.jpg,9
8927.jpg,1
8928.jpg,2
8930.jpg,2
8932.jpg,4
8936.jpg,3
8939.jpg,8
8940.jpg,6
8946.jpg,3
8948.jpg,3
8952.jpg,12
8954.jpg,3
8959.jpg,2
8960.jpg,2
8966.jpg,4
8968.jpg,5
8971.jpg,1
8975.jpg,2
8979.jpg,5
8982.jpg,4
8984.jpg,3
8985.jpg,0
8989.jpg,4
8994.jpg,7
8995.jpg,3
8996.jpg,3
9010.jpg,4
9011.jpg,8
9013.jpg,4
9014.jpg,4
9015.jpg,2
9020.jpg,5
9024.jpg,4
9027.jpg,11
9029.jpg,10
9031.jpg,8
9038.jpg,13
9040.jpg,7
9041.jpg,7
9042.jpg,5
9043.jpg,8
9044.jpg,8
9045.jpg,4
9046.jpg,6
9048.jpg,7
9052.jpg,5
9054.jpg,3
9065.jpg,3
9066.jpg,4
9073.jpg,3
9074.jpg,4
9082.jpg,4
9087.jpg,4
9091.jpg,4
9092.jpg,3
9096.jpg,5
9105.jpg,0
9113.jpg,2
9118.jpg,2
9119.jpg,2
9120.jpg,2
9121.jpg,2
9123.jpg,3
9128.jpg,9
9131.jpg,2
9132.jpg,7
9133.jpg,6
9134.jpg,2
9137.jpg,5
9138.jpg,0
9141.jpg,4
9145.jpg,3
9147.jpg,2
9150.jpg,7
9158.jpg,7
9159.jpg,5
9165.jpg,4
9170.jpg,2
9171.jpg,8
9174.jpg,4
9178.jpg,12
9182.jpg,5
9183.jpg,3
9186.jpg,6
9190.jpg,4
9193.jpg,4
9201.jpg,6
9203.jpg,2
9216.jpg,7
9219.jpg,3
9221.jpg,3
9223.jpg,4
9224.jpg,5
9225.jpg,3
9227.jpg,8
9228.jpg,4
9231.jpg,7
9236.jpg,0
9238.jpg,5
9243.jpg,2
9251.jpg,4
9252.jpg,2
9258.jpg,3
9259.jpg,4
9266.jpg,3
9268.jpg,6
9270.jpg,5
9271.jpg,3
9273.jpg,3
9276.jpg,2
9277.jpg,3
9283.jpg,3
9287.jpg,3
9294.jpg,2
9301.jpg,2
9307.jpg,5
9309.jpg,3
9316.jpg,2
9323.jpg,5
9324.jpg,9
9329.jpg,11
9332.jpg,4
9333.jpg,3
9336.jpg,4
9337.jpg,2
9340.jpg,3
9342.jpg,3
9343.jpg,3
9344.jpg,3
9347.jpg,3
9349.jpg,3
9350.jpg,5
9351.jpg,5
9356.jpg,4
9358.jpg,6
9366.jpg,3
9368.jpg,2
9373.jpg,2
9374.jpg,2
9375.jpg,17
9376.jpg,2
9383.jpg,3
9386.jpg,2
9387.jpg,3
9390.jpg,2
9391.jpg,4
9399.jpg,14
9400.jpg,22
9405.jpg,14
9408.jpg,9
9410.jpg,11
9412.jpg,26
9414.jpg,6
9417.jpg,5
9423.jpg,3
9429.jpg,5
9430.jpg,5
9432.jpg,5
9433.jpg,5
9436.jpg,5
9438.jpg,5
9439.jpg,3
9443.jpg,3
9449.jpg,5
9451.jpg,6
9453.jpg,5
9457.jpg,3
9458.jpg,16
9468.jpg,4
9485.jpg,3
9490.jpg,8
9493.jpg,1
9494.jpg,2
9499.jpg,5
9500.jpg,2
9501.jpg,2
9505.jpg,7
9506.jpg,5
9507.jpg,5
9511.jpg,5
9514.jpg,6
9522.jpg,4
9523.jpg,5
9527.jpg,1
9528.jpg,4
9529.jpg,4
9534.jpg,4
9539.jpg,3
9545.jpg,7
9548.jpg,3
9550.jpg,2
9553.jpg,2
9556.jpg,5
9558.jpg,3
9565.jpg,3
9567.jpg,2
9571.jpg,4
9572.jpg,5
9577.jpg,3
9580.jpg,2
9593.jpg,3
9594.jpg,3
9595.jpg,3
9598.jpg,6
9600.jpg,5
9601.jpg,4
9608.jpg,3
9612.jpg,6
9614.jpg,3
9617.jpg,6
9620.jpg,4
9623.jpg,4
9625.jpg,3
9628.jpg,5
9633.jpg,3
9634.jpg,4
9638.jpg,4
9639.jpg,4
9643.jpg,4
9645.jpg,4
9656.jpg,3
9660.jpg,2
9661.jpg,3
9663.jpg,2
9668.jpg,6
9673.jpg,4
9674.jpg,4
9681.jpg,3
9684.jpg,3
9685.jpg,4
9689.jpg,4
9690.jpg,4
9697.jpg,4
9698.jpg,4
9700.jpg,3
9702.jpg,3
9703.jpg,4
9709.jpg,4
9711.jpg,4
9712.jpg,4
9721.jpg,4
9726.jpg,4
9728.jpg,4
9729.jpg,3
9730.jpg,3
9734.jpg,3
9745.jpg,4
9746.jpg,4
9750.jpg,4
9757.jpg,3
9758.jpg,3
9765.jpg,3
9767.jpg,4
9771.jpg,3
9774.jpg,2
9776.jpg,6
9781.jpg,5
9784.jpg,3
9785.jpg,4
9787.jpg,4
9788.jpg,4
9792.jpg,5
9796.jpg,4
9801.jpg,3
9803.jpg,3
9804.jpg,3
9809.jpg,3
9810.jpg,1
9811.jpg,1
9814.jpg,4
9815.jpg,4
9816.jpg,4
9818.jpg,4
9825.jpg,3
9827.jpg,2
9832.jpg,4
9835.jpg,4
9851.jpg,5
9855.jpg,8
9856.jpg,8
9859.jpg,4
9860.jpg,7
9863.jpg,6
9867.jpg,2
9868.jpg,3
9869.jpg,2
9870.jpg,2
9873.jpg,3
9874.jpg,1
9876.jpg,3
9877.jpg,3
9879.jpg,4
9883.jpg,2
9888.jpg,0
9889.jpg,2
9891.jpg,2
9893.jpg,2
9901.jpg,2
9902.jpg,16
9904.jpg,2
9905.jpg,2
9909.jpg,2
9910.jpg,2
9911.jpg,3
9918.jpg,3
9920.jpg,3
9922.jpg,0
9923.jpg,2
9926.jpg,3
9930.jpg,0
9933.jpg,2
9938.jpg,3
9939.jpg,2
9943.jpg,2
9944.jpg,2
9946.jpg,2
9948.jpg,2
9949.jpg,3
9959.jpg,2
9965.jpg,2
9973.jpg,3
9975.jpg,2
9976.jpg,3
9977.jpg,2
9981.jpg,5
9984.jpg,2
9986.jpg,2
9991.jpg,2
9994.jpg,2
9998.jpg,3
10005.jpg,3
10006.jpg,3
10009.jpg,3
10011.jpg,3
10014.jpg,3
10016.jpg,3
10019.jpg,4
10021.jpg,5
10024.jpg,5
10027.jpg,5
10029.jpg,6
10031.jpg,2
10035.jpg,5
10038.jpg,6
10040.jpg,3
10042.jpg,26
10045.jpg,5
10046.jpg,4
10051.jpg,1
10055.jpg,2
10056.jpg,3
10058.jpg,3
10060.jpg,4
10063.jpg,35
10066.jpg,7
10091.jpg,5
10093.jpg,4
10094.jpg,4
10095.jpg,4
10099.jpg,4
10100.jpg,5
10102.jpg,4
10103.jpg,4
10105.jpg,4
10106.jpg,3
10107.jpg,4
10113.jpg,3
10114.jpg,7
10115.jpg,7
10117.jpg,8
10121.jpg,2
10123.jpg,4
10131.jpg,2
10132.jpg,3
10137.jpg,5
10140.jpg,3
10141.jpg,4
10142.jpg,3
10155.jpg,3
10157.jpg,5
10163.jpg,4
10168.jpg,2
10170.jpg,5
10173.jpg,2
10175.jpg,4
10176.jpg,7
10179.jpg,5
10180.jpg,4
10183.jpg,8
10184.jpg,8
10185.jpg,8
10188.jpg,4
10190.jpg,4
10194.jpg,7
10195.jpg,6
10197.jpg,7
10199.jpg,7
10200.jpg,5
10212.jpg,3
10217.jpg,3
10220.jpg,6
10223.jpg,3
10224.jpg,5
10228.jpg,5
10234.jpg,5
10239.jpg,6
10240.jpg,5
10246.jpg,4
10249.jpg,5
10251.jpg,5
10255.jpg,6
10257.jpg,3
10258.jpg,2
10260.jpg,3
10267.jpg,4
10274.jpg,5
10280.jpg,4
10286.jpg,3
10296.jpg,5
10298.jpg,7
10302.jpg,4
10307.jpg,4
10310.jpg,5
10315.jpg,3
10318.jpg,6
10322.jpg,3
10326.jpg,5
10330.jpg,2
10333.jpg,3
10335.jpg,3
10338.jpg,10
10340.jpg,4
10342.jpg,6
10343.jpg,4
10345.jpg,7
10348.jpg,6
10349.jpg,7
10355.jpg,4
10357.jpg,7
10369.jpg,0
10370.jpg,10
10373.jpg,8
10374.jpg,7
10377.jpg,8
10380.jpg,9
10381.jpg,9
10382.jpg,5
10386.jpg,3
10393.jpg,6
10396.jpg,2
10399.jpg,3
10401.jpg,7
10405.jpg,3
10410.jpg,2
10411.jpg,3
10415.jpg,3
10420.jpg,5
10425.jpg,3
10426.jpg,3
10427.jpg,5
10434.jpg,3
10435.jpg,5
10439.jpg,3
10440.jpg,3
10441.jpg,3
10460.jpg,3
10464.jpg,5
10467.jpg,4
10468.jpg,4
10473.jpg,3
10474.jpg,3
10475.jpg,6
10482.jpg,9
10487.jpg,4
10488.jpg,5
10489.jpg,6
10493.jpg,2
10494.jpg,3
10497.jpg,3
10498.jpg,3
10502.jpg,6
10504.jpg,5
10506.jpg,4
10508.jpg,3
10510.jpg,3
10518.jpg,6
10531.jpg,5
10543.jpg,4
10544.jpg,4
10558.jpg,4
10559.jpg,3
10563.jpg,4
10568.jpg,2
10571.jpg,9
10574.jpg,6
10575.jpg,7
10582.jpg,3
10586.jpg,7
10589.jpg,6
10591.jpg,0
10592.jpg,5
10593.jpg,2
10599.jpg,4
10609.jpg,4
10613.jpg,4
10614.jpg,10
10615.jpg,2
10619.jpg,2
10622.jpg,4
10623.jpg,6
10630.jpg,3
10635.jpg,2
10638.jpg,3
10642.jpg,3
10644.jpg,4
10649.jpg,2
10651.jpg,1
10653.jpg,3
10655.jpg,4
10658.jpg,4
10659.jpg,2
10664.jpg,3
10666.jpg,3
10667.jpg,3
10671.jpg,3
10681.jpg,3
10682.jpg,3
10684.jpg,1
10687.jpg,1
10688.jpg,2
10689.jpg,13
10695.jpg,2
10698.jpg,6
10700.jpg,2
10701.jpg,4
10710.jpg,7
10712.jpg,3
10718.jpg,6
10724.jpg,2
10726.jpg,3
10727.jpg,3
10731.jpg,2
10738.jpg,2
10739.jpg,3
10741.jpg,2
10742.jpg,2
10743.jpg,2
10745.jpg,3
10746.jpg,2
10751.jpg,5
10762.jpg,3
10768.jpg,2
10774.jpg,4
10780.jpg,3
10783.jpg,21
10786.jpg,7
10793.jpg,8
10795.jpg,5
10798.jpg,10
10801.jpg,5
10804.jpg,6
10807.jpg,5
10817.jpg,8
10818.jpg,9
10820.jpg,7
10822.jpg,2
10824.jpg,3
10825.jpg,4
10827.jpg,5
10828.jpg,5
10830.jpg,5
10836.jpg,3
10837.jpg,11
10842.jpg,4
10848.jpg,13
10857.jpg,5
10860.jpg,5
10862.jpg,4
10864.jpg,3
10868.jpg,4
10872.jpg,5
10873.jpg,5
10874.jpg,5
10876.jpg,4
10879.jpg,4
10890.jpg,6
10891.jpg,5
10893.jpg,2
10896.jpg,6
10898.jpg,2
10902.jpg,6
10909.jpg,3
10910.jpg,5
10912.jpg,4
10913.jpg,5
10917.jpg,5
10923.jpg,5
10927.jpg,5
10931.jpg,5
10940.jpg,5
10941.jpg,5
10942.jpg,5
10945.jpg,4
10955.jpg,3
10957.jpg,7
10962.jpg,4
10965.jpg,3
10973.jpg,3
10976.jpg,5
10977.jpg,4
10978.jpg,4
10979.jpg,4
10985.jpg,6
10989.jpg,5
10993.jpg,4
10994.jpg,4
10998.jpg,4
11002.jpg,3
11009.jpg,5
11010.jpg,4
11011.jpg,4
11012.jpg,4
11014.jpg,5
11019.jpg,5
11022.jpg,11
11024.jpg,7
11030.jpg,5
11031.jpg,5
11034.jpg,5
11035.jpg,4
11047.jpg,4
11050.jpg,3
11051.jpg,5
11055.jpg,6
11058.jpg,8
11062.jpg,4
11063.jpg,3
11064.jpg,3
11065.jpg,3
11066.jpg,5
11071.jpg,2
11077.jpg,5
11079.jpg,4
11080.jpg,5
11081.jpg,4
11085.jpg,8
11097.jpg,6
11099.jpg,5
11101.jpg,3
11108.jpg,5
11111.jpg,3
11113.jpg,5
11117.jpg,2
11130.jpg,3
11132.jpg,3
11136.jpg,4
11143.jpg,5
11149.jpg,4
11153.jpg,11
11161.jpg,5
11165.jpg,1
11171.jpg,5
11184.jpg,3
11190.jpg,2
11191.jpg,3
11195.jpg,4
11197.jpg,5
11201.jpg,3
11204.jpg,2
11205.jpg,2
11207.jpg,5
11209.jpg,3
11211.jpg,2
11222.jpg,3
11228.jpg,4
11231.jpg,4
11234.jpg,4
11236.jpg,3
11238.jpg,3
11239.jpg,6
11244.jpg,3
11245.jpg,3
11246.jpg,3
11250.jpg,4
11251.jpg,3
11262.jpg,4
11263.jpg,3
11264.jpg,4
11266.jpg,3
11268.jpg,2
11269.jpg,2
11281.jpg,3
11283.jpg,2
11286.jpg,2
11288.jpg,4
11290.jpg,4
11293.jpg,4
11297.jpg,7
11300.jpg,5
11310.jpg,6
11311.jpg,8
11312.jpg,8
11317.jpg,8
11318.jpg,4
11319.jpg,6
11322.jpg,3
11325.jpg,4
11328.jpg,4
11332.jpg,3
11335.jpg,6
11336.jpg,4
11338.jpg,3
11339.jpg,1
11340.jpg,1
11341.jpg,6
11342.jpg,2
11344.jpg,2
11346.jpg,4
11347.jpg,6
11348.jpg,2
11355.jpg,5
11358.jpg,2
11362.jpg,7
11365.jpg,6
11368.jpg,5
11369.jpg,3
11370.jpg,3
11371.jpg,5
11374.jpg,3
11380.jpg,2
11381.jpg,3
11383.jpg,2
11388.jpg,4
11390.jpg,4
11392.jpg,4
11394.jpg,2
11396.jpg,4
11402.jpg,7
11403.jpg,3
11404.jpg,2
11405.jpg,2
11411.jpg,4
11414.jpg,6
11417.jpg,2
11432.jpg,2
11434.jpg,2
11452.jpg,2
11453.jpg,0
11456.jpg,4
11457.jpg,5
11458.jpg,4
11462.jpg,6
11471.jpg,2
11474.jpg,3
11475.jpg,2
11476.jpg,4
11480.jpg,3
11488.jpg,2
11490.jpg,9
11492.jpg,12
11501.jpg,2
11506.jpg,2
11517.jpg,15
11520.jpg,4
11523.jpg,1
11526.jpg,7
11530.jpg,5
11531.jpg,4
11532.jpg,4
11535.jpg,4
11537.jpg,5
11547.jpg,13
11548.jpg,14
11549.jpg,14
11552.jpg,5
11553.jpg,2
11561.jpg,5
11566.jpg,3
11568.jpg,7
11569.jpg,7
11570.jpg,5
11572.jpg,4
11578.jpg,1
11583.jpg,3
11584.jpg,5
11590.jpg,2
11601.jpg,6
11602.jpg,5
11608.jpg,3
11612.jpg,3
11616.jpg,7
11624.jpg,3
11629.jpg,2
11640.jpg,5
11641.jpg,6
11643.jpg,2
11644.jpg,3
11648.jpg,6
11649.jpg,11
11651.jpg,4
11654.jpg,4
11657.jpg,6
11658.jpg,5
11660.jpg,4
11661.jpg,1
11670.jpg,14
11675.jpg,3
11681.jpg,7
11684.jpg,2
11686.jpg,4
11689.jpg,3
11690.jpg,2
11692.jpg,1
11694.jpg,5
11696.jpg,4
11699.jpg,4
11703.jpg,2
11706.jpg,6
11707.jpg,5
11712.jpg,3
11713.jpg,5
11722.jpg,8
11725.jpg,5
11727.jpg,2
11729.jpg,3
11731.jpg,9
11733.jpg,4
11738.jpg,2
11741.jpg,5
11742.jpg,4
11743.jpg,3
11744.jpg,6
11745.jpg,3
11750.jpg,3
11751.jpg,2
11762.jpg,4
11763.jpg,2
11769.jpg,2
11771.jpg,5
11777.jpg,6
11779.jpg,7
11781.jpg,2
11788.jpg,4
11791.jpg,7
11800.jpg,4
11807.jpg,5
11808.jpg,5
11815.jpg,4
11816.jpg,4
11818.jpg,3
11820.jpg,4
11823.jpg,4
11825.jpg,8
11831.jpg,3
11833.jpg,3
11836.jpg,6
11839.jpg,2
11846.jpg,4
11851.jpg,4
11857.jpg,5
11859.jpg,8
11869.jpg,5
11870.jpg,4
11872.jpg,6
11878.jpg,6
11886.jpg,5
11887.jpg,1
11888.jpg,4
11894.jpg,8
11898.jpg,4
11899.jpg,7
11904.jpg,3
11907.jpg,3
11908.jpg,1
11914.jpg,6
11918.jpg,2
11919.jpg,7
11920.jpg,3
11922.jpg,7
11925.jpg,4
11926.jpg,4
11927.jpg,6
11932.jpg,1
11937.jpg,6
11941.jpg,4
11946.jpg,4
11948.jpg,2
11950.jpg,12
11952.jpg,2
11953.jpg,2
11956.jpg,4
11960.jpg,2
11961.jpg,1
11962.jpg,0
11969.jpg,6
11970.jpg,4
11973.jpg,5
11974.jpg,5
11984.jpg,4
11991.jpg,3
11995.jpg,3
11996.jpg,4
11997.jpg,1
11999.jpg,3
12002.jpg,3
12007.jpg,2
12009.jpg,5
12010.jpg,5
12015.jpg,4
12019.jpg,2
12021.jpg,2
12022.jpg,3
12024.jpg,2
12026.jpg,2
12033.jpg,3
12037.jpg,2
12042.jpg,1
12043.jpg,2
12044.jpg,2
12045.jpg,2
12047.jpg,1
12055.jpg,3
12060.jpg,2
12061.jpg,2
12063.jpg,2
12064.jpg,1
12067.jpg,2
12071.jpg,2
12078.jpg,2
12082.jpg,3
12084.jpg,2
12090.jpg,2
12092.jpg,2
12094.jpg,2
12095.jpg,2
12098.jpg,2
12103.jpg,2
12104.jpg,2
12107.jpg,2
12109.jpg,2
12112.jpg,2
12115.jpg,2
12118.jpg,3
12119.jpg,3
12121.jpg,2
12123.jpg,4
12127.jpg,1
12129.jpg,2
12140.jpg,2
12143.jpg,2
12147.jpg,2
12153.jpg,2
12154.jpg,2
12155.jpg,2
12157.jpg,3
12166.jpg,2
12170.jpg,1
12174.jpg,2
12181.jpg,11
12188.jpg,2
12201.jpg,2
12205.jpg,2
12206.jpg,7
12207.jpg,7
12208.jpg,7
12220.jpg,7
12224.jpg,3
12225.jpg,4
12226.jpg,5
12228.jpg,5
12230.jpg,2
12232.jpg,3
12233.jpg,2
12236.jpg,8
12245.jpg,6
12246.jpg,5
12248.jpg,4
12249.jpg,5
12256.jpg,3
12257.jpg,2
12266.jpg,5
12267.jpg,2
12269.jpg,8
12271.jpg,8
12273.jpg,3
12276.jpg,5
12278.jpg,1
12279.jpg,2
12284.jpg,4
12287.jpg,11
12290.jpg,6
12297.jpg,9
12298.jpg,8
12299.jpg,11
12300.jpg,11
12302.jpg,3
12303.jpg,3
12304.jpg,3
12307.jpg,6
12308.jpg,4
12313.jpg,5
12316.jpg,7
12317.jpg,4
12325.jpg,5
12329.jpg,3
12331.jpg,3
12336.jpg,4
12340.jpg,4
12344.jpg,4
12345.jpg,15
12349.jpg,3
12350.jpg,11
12352.jpg,5
12363.jpg,3
12367.jpg,9
12368.jpg,7
12370.jpg,8
12371.jpg,10
12375.jpg,6
12378.jpg,7
12382.jpg,2
12384.jpg,3
12386.jpg,12
12388.jpg,5
12392.jpg,6
12396.jpg,4
12399.jpg,4
12401.jpg,2
12409.jpg,4
12412.jpg,3
12415.jpg,3
12419.jpg,9
12421.jpg,3
12422.jpg,3
12424.jpg,4
12426.jpg,4
12430.jpg,4
12432.jpg,3
12433.jpg,4
12438.jpg,3
12442.jpg,3
12444.jpg,9
12449.jpg,6
12456.jpg,5
12457.jpg,5
12458.jpg,5
12459.jpg,5
12462.jpg,4
12466.jpg,5
12468.jpg,3
12471.jpg,3
12472.jpg,3
12479.jpg,3
12481.jpg,5
12482.jpg,3
12485.jpg,10
12486.jpg,6
12490.jpg,6
12496.jpg,3
12503.jpg,6
12506.jpg,5
12507.jpg,6
12508.jpg,3
12511.jpg,4
12514.jpg,5
12515.jpg,11
12519.jpg,1
12523.jpg,2
12524.jpg,3
12525.jpg,5
12529.jpg,4
12533.jpg,4
12537.jpg,2
12541.jpg,2
12550.jpg,4
12552.jpg,6
12557.jpg,3
12558.jpg,3
12559.jpg,5
12565.jpg,5
12566.jpg,1
12568.jpg,4
12580.jpg,3
12581.jpg,5
12584.jpg,2
12585.jpg,5
12586.jpg,3
12588.jpg,3
12591.jpg,2
12594.jpg,3
12597.jpg,3
12603.jpg,4
12604.jpg,2
12605.jpg,4
12610.jpg,6
12611.jpg,4
12613.jpg,1
12615.jpg,1
12616.jpg,1
12621.jpg,5
12624.jpg,16
12625.jpg,6
12626.jpg,7
12627.jpg,9
12630.jpg,2
12632.jpg,2
12633.jpg,5
12634.jpg,4
12636.jpg,6
12637.jpg,0
12640.jpg,2
12642.jpg,5
12647.jpg,4
12649.jpg,3
12656.jpg,7
12657.jpg,9
12659.jpg,2
12660.jpg,2
12661.jpg,1
12664.jpg,9
12672.jpg,3
12673.jpg,4
12680.jpg,6
12682.jpg,1
12684.jpg,6
12697.jpg,8
12700.jpg,1
12715.jpg,3
12719.jpg,10
12727.jpg,3
12728.jpg,4
12732.jpg,6
12735.jpg,3
12739.jpg,4
12749.jpg,3
12751.jpg,8
12752.jpg,15
12759.jpg,4
12763.jpg,2
12765.jpg,4
12766.jpg,7
12771.jpg,3
12777.jpg,5
12779.jpg,3
12786.jpg,5
12787.jpg,6
12788.jpg,12
12789.jpg,3
12791.jpg,2
12795.jpg,12
12798.jpg,6
12799.jpg,6
12802.jpg,3
12806.jpg,3
12807.jpg,3
12808.jpg,3
12811.jpg,2
12815.jpg,2
12817.jpg,2
12819.jpg,2
12820.jpg,3
12822.jpg,3
12823.jpg,2
12824.jpg,4
12825.jpg,4
12828.jpg,3
12830.jpg,4
12831.jpg,4
12832.jpg,1
12833.jpg,2
12841.jpg,3
12847.jpg,5
12848.jpg,8
12850.jpg,7
12851.jpg,8
12858.jpg,6
12859.jpg,6
12862.jpg,8
12863.jpg,4
12867.jpg,4
12872.jpg,5
12874.jpg,5
12881.jpg,5
12884.jpg,4
12887.jpg,3
12888.jpg,4
12889.jpg,4
12891.jpg,4
12896.jpg,1
12898.jpg,3
12899.jpg,1
12902.jpg,2
12903.jpg,2
12904.jpg,3
12905.jpg,4
12910.jpg,3
12912.jpg,2
12913.jpg,6
12914.jpg,6
12918.jpg,6
12922.jpg,3
12923.jpg,4
12926.jpg,4
12927.jpg,2
12933.jpg,6
12943.jpg,7
12944.jpg,3
12949.jpg,4
12950.jpg,7
12957.jpg,2
12958.jpg,4
12962.jpg,4
12968.jpg,2
12969.jpg,5
12971.jpg,5
12976.jpg,3
12978.jpg,2
12982.jpg,2
12984.jpg,2
12991.jpg,3
12993.jpg,2
12996.jpg,6
13002.jpg,3
13008.jpg,2
13014.jpg,4
13018.jpg,2
13019.jpg,3
13024.jpg,2
13029.jpg,3
13030.jpg,3
13032.jpg,5
13039.jpg,8
13052.jpg,5
13054.jpg,1
13056.jpg,4
13058.jpg,6
13064.jpg,2
13066.jpg,2
13067.jpg,2
13071.jpg,3
13075.jpg,0
13077.jpg,2
13079.jpg,5
13082.jpg,2
13083.jpg,3
13085.jpg,3
13089.jpg,6
13095.jpg,2
13096.jpg,2
13098.jpg,2
13101.jpg,2
13102.jpg,2
13103.jpg,2
13106.jpg,2
13108.jpg,5
13109.jpg,3
13110.jpg,2
13113.jpg,3
13116.jpg,0
13120.jpg,4
13123.jpg,3
13127.jpg,5
13132.jpg,3
13133.jpg,3
13135.jpg,3
13136.jpg,4
13145.jpg,5
13146.jpg,5
13160.jpg,1
13164.jpg,5
13169.jpg,2
13170.jpg,2
13172.jpg,4
13175.jpg,2
13180.jpg,2
13184.jpg,7
13192.jpg,3
13193.jpg,3
13194.jpg,3
13200.jpg,6
13201.jpg,4
13203.jpg,3
13205.jpg,3
13209.jpg,5
13212.jpg,2
13214.jpg,2
13216.jpg,2
13218.jpg,2
13219.jpg,2
13225.jpg,2
13237.jpg,5
13245.jpg,5
13246.jpg,2
13252.jpg,6
13260.jpg,3
13266.jpg,2
13267.jpg,2
13274.jpg,2
13275.jpg,2
13276.jpg,4
13277.jpg,4
13278.jpg,6
13287.jpg,6
13292.jpg,3
13293.jpg,3
13298.jpg,2
13300.jpg,3
13303.jpg,3
13315.jpg,6
13318.jpg,2
13320.jpg,3
13321.jpg,3
13335.jpg,7
13343.jpg,7
13347.jpg,3
13350.jpg,2
13352.jpg,6
13358.jpg,6
13360.jpg,8
13365.jpg,7
13367.jpg,1
13369.jpg,4
13373.jpg,3
13376.jpg,6
13379.jpg,2
13384.jpg,2
13388.jpg,3
13390.jpg,3
13391.jpg,6
13392.jpg,5
13394.jpg,3
13410.jpg,6
13412.jpg,10
13419.jpg,3
13420.jpg,3
13425.jpg,4
13432.jpg,4
13435.jpg,5
13443.jpg,2
13445.jpg,0
13447.jpg,6
13448.jpg,5
13450.jpg,5
13452.jpg,5
13454.jpg,5
13458.jpg,3
13460.jpg,3
13461.jpg,4
13462.jpg,4
13467.jpg,7
13468.jpg,9
13469.jpg,2
13492.jpg,4
13493.jpg,3
13494.jpg,3
13498.jpg,3
13500.jpg,1
13504.jpg,1
13508.jpg,7
13509.jpg,2
13510.jpg,5
13516.jpg,3
13526.jpg,4
13535.jpg,3
13536.jpg,4
13538.jpg,4
13542.jpg,4
13543.jpg,3
13545.jpg,3
13560.jpg,2
13561.jpg,3
13566.jpg,8
13573.jpg,7
13574.jpg,4
13577.jpg,7
13578.jpg,5
13585.jpg,6
13588.jpg,6
13591.jpg,11
13592.jpg,3
13599.jpg,16
13602.jpg,3
13614.jpg,3
13615.jpg,3
13624.jpg,3
13625.jpg,3
13626.jpg,3
13630.jpg,3
13633.jpg,3
13642.jpg,3
13648.jpg,3
13650.jpg,4
13653.jpg,4
13654.jpg,4
13656.jpg,3
13657.jpg,4
13663.jpg,3
13665.jpg,3
13667.jpg,3
13671.jpg,3
13674.jpg,4
13675.jpg,4
13676.jpg,3
13678.jpg,3
13681.jpg,3
13687.jpg,3
13688.jpg,3
13690.jpg,3
13693.jpg,2
13694.jpg,3
13696.jpg,3
13697.jpg,4
13699.jpg,3
13701.jpg,3
13705.jpg,3
13706.jpg,3
13709.jpg,3
13713.jpg,5
13715.jpg,4
13716.jpg,2
13718.jpg,4
13725.jpg,4
13730.jpg,1
13733.jpg,5
13736.jpg,3
13744.jpg,4
13747.jpg,3
13751.jpg,4
13755.jpg,4
13760.jpg,8
13765.jpg,6
13768.jpg,3
13771.jpg,3
13772.jpg,3
13773.jpg,6
13775.jpg,2
13778.jpg,0
13780.jpg,3
13782.jpg,2
13783.jpg,2
13785.jpg,2
13790.jpg,2
13791.jpg,2
13797.jpg,2
13801.jpg,3
13803.jpg,3
13805.jpg,2
13810.jpg,2
13813.jpg,6
13821.jpg,2
13823.jpg,3
13824.jpg,4
13825.jpg,4
13827.jpg,2
13830.jpg,2
13835.jpg,1
13839.jpg,1
13840.jpg,2
13846.jpg,4
13847.jpg,12
13848.jpg,4
13849.jpg,9
13850.jpg,6
13855.jpg,7
13856.jpg,7
13860.jpg,5
13861.jpg,3
13870.jpg,5
13874.jpg,5
13877.jpg,11
13884.jpg,3
13891.jpg,10
13893.jpg,16
13898.jpg,6
13901.jpg,2
13904.jpg,5
13905.jpg,2
13912.jpg,3
13915.jpg,0
13917.jpg,2
13919.jpg,6
13923.jpg,3
13925.jpg,3
13933.jpg,3
13934.jpg,4
13935.jpg,4
13942.jpg,4
13944.jpg,4
13945.jpg,2
13952.jpg,3
13953.jpg,4
13955.jpg,4
13960.jpg,4
13962.jpg,5
13968.jpg,3
13969.jpg,3
13979.jpg,2
13981.jpg,2
13982.jpg,4
13986.jpg,2
13987.jpg,4
13991.jpg,1
13992.jpg,2
13994.jpg,2
13998.jpg,2
14002.jpg,2
14003.jpg,2
14004.jpg,3
14005.jpg,2
14013.jpg,3
14014.jpg,3
14017.jpg,4
14019.jpg,1
14022.jpg,4
14026.jpg,5
14030.jpg,4
14031.jpg,5
14034.jpg,4
14038.jpg,3
14039.jpg,4
14046.jpg,6
14048.jpg,5
14053.jpg,3
14057.jpg,3
14061.jpg,7
14062.jpg,7
14066.jpg,3
14067.jpg,4
14070.jpg,3
14073.jpg,3
14074.jpg,5
14080.jpg,2
14101.jpg,5
14102.jpg,8
14104.jpg,5
14106.jpg,4
14108.jpg,4
14114.jpg,4
14117.jpg,2
14118.jpg,1
14122.jpg,2
14126.jpg,5
14135.jpg,5
14138.jpg,4
14140.jpg,4
14141.jpg,3
14148.jpg,4
14149.jpg,6
14151.jpg,2
14152.jpg,2
14157.jpg,0
14158.jpg,2
14160.jpg,2
14161.jpg,1
14162.jpg,1
14163.jpg,4
14171.jpg,6
14172.jpg,3
14179.jpg,3
14181.jpg,2
14182.jpg,3
14184.jpg,4
14186.jpg,2
14193.jpg,5
14197.jpg,3
14198.jpg,2
14199.jpg,4
14202.jpg,5
14206.jpg,4
